id,name,host_id,neighbourhood_group,neighbourhood,latitude,longitude,room_type,price,minimum_nights,number_of_reviews,last_review,reviews_per_month,calculated_host_listings_count,availability_365
1,Sample Room,1001,Brooklyn,St. George,40.602794939834034,-74.1663179617769,Entire home/apt,80,7,37,2023-05-08,0.7,3,58
2,Sample Room,1002,Manhattan,Harlem,40.72198515343975,-74.1638370758639,Private room,445,30,15,2023-04-19,3.2,1,173
3,Sample Room,1003,Bronx,St. George,40.5237634327811,-74.17339013750502,Private room,612,10,8,2023-01-07,0.7,2,363
4,Sample Room,1004,Bronx,Harlem,40.79264679360063,-73.99029029925406,Entire home/apt,65,5,162,2023-03-13,1.9,2,273
5,Sample Room,1005,Staten Island,Harlem,40.67601416099091,-74.01579664425094,Private room,481,10,71,2023-03-01,4.2,2,76
6,Sample Room,1006,Queens,St. George,40.70599823369893,-74.01479137346993,Shared room,483,1,29,2023-04-17,1.4,5,251
7,Sample Room,1007,Brooklyn,Astoria,40.603198951723876,-74.0943697811854,Shared room,162,10,8,2023-03-13,4.6,7,196
8,Sample Room,1008,Bronx,St. George,40.74607506702921,-74.21162017617135,Private room,46,5,39,2023-05-23,1.3,8,230
9,Sample Room,1009,Staten Island,St. George,40.787419016231794,-73.9888794795844,Entire home/apt,693,5,120,2024-01-01,2.6,9,146
10,Sample Room,1010,Queens,Williamsburg,40.73344932107428,-73.99147509083521,Shared room,482,30,155,2023-03-19,3.2,2,31
11,Sample Room,1011,Queens,Astoria,40.70297903095525,-74.14502065713151,Private room,643,2,193,2023-03-30,2.1,8,324
12,Sample Room,1012,Staten Island,Harlem,40.677838178220256,-74.06012955966631,Entire home/apt,560,10,51,2023-04-26,4.3,2,72
13,Sample Room,1013,Staten Island,Astoria,40.562164734281886,-73.99348978278555,Private room,311,3,104,2023-06-10,3.4,4,116
14,Sample Room,1014,Brooklyn,Fordham,40.51607526339601,-74.20303733034356,Shared room,708,10,149,2023-04-24,2.4,1,307
15,Sample Room,1015,Manhattan,Harlem,40.57361403961125,-74.17492464250243,Private room,562,3,111,2023-07-04,3.2,4,291
16,Sample Room,1016,Brooklyn,Astoria,40.70446590693103,-74.19552953245434,Entire home/apt,151,3,106,2023-09-29,4.8,9,40
17,Sample Room,1017,Brooklyn,Harlem,40.558859168835,-74.04467961972107,Shared room,38,3,36,2023-02-25,3.9,4,105
18,Sample Room,1018,Staten Island,Williamsburg,40.5037256540453,-73.96651062909518,Shared room,505,7,169,2023-03-05,2.4,8,217
19,Sample Room,1019,Staten Island,Astoria,40.54562433189141,-74.11155251630542,Shared room,840,2,18,2023-02-11,3.1,2,157
20,Sample Room,1020,Queens,Williamsburg,40.567484593850295,-74.11967675044671,Entire home/apt,590,10,121,2023-10-22,4.3,5,180
21,Sample Room,1021,Bronx,Williamsburg,40.51805942591492,-74.20296529080683,Private room,322,3,48,2023-08-15,2.0,8,68
22,Sample Room,1022,Staten Island,Harlem,40.73096444825512,-74.23120231589368,Private room,848,3,98,2023-12-24,4.0,2,236
23,Sample Room,1023,Brooklyn,St. George,40.504370743387796,-74.23708966551376,Entire home/apt,571,2,78,2023-11-29,1.0,2,322
24,Sample Room,1024,Queens,Fordham,40.78724227291749,-74.11484848709873,Shared room,402,3,30,2023-12-14,3.5,4,346
25,Sample Room,1025,Manhattan,Fordham,40.645494530119215,-74.05524641809859,Entire home/apt,170,2,6,2023-01-30,2.4,8,291
26,Sample Room,1026,Staten Island,St. George,40.68085103113503,-74.11848510159842,Shared room,522,3,96,2023-12-23,4.2,1,156
27,Sample Room,1027,Staten Island,Harlem,40.58646509230558,-74.24817435136382,Shared room,522,3,8,2023-06-03,3.6,5,37
28,Sample Room,1028,Staten Island,St. George,40.65382394171163,-74.12224474142582,Entire home/apt,915,5,80,2023-08-13,3.5,3,259
29,Sample Room,1029,Queens,Harlem,40.6142500586394,-74.0781588116255,Shared room,479,7,98,2023-12-24,3.2,8,19
30,Sample Room,1030,Brooklyn,Williamsburg,40.78714955205062,-74.04712998313968,Entire home/apt,643,1,156,2024-01-01,2.9,2,97
31,Sample Room,1031,Bronx,Harlem,40.71950221366378,-74.1373191019561,Private room,166,7,168,2023-03-12,4.5,6,205
32,Sample Room,1032,Brooklyn,Williamsburg,40.547475064651316,-73.98578862061157,Entire home/apt,703,5,193,2023-08-05,1.4,1,32
33,Sample Room,1033,Queens,Astoria,40.58778801193549,-74.24190749031561,Shared room,41,1,135,2023-07-19,0.4,9,336
34,Sample Room,1034,Manhattan,St. George,40.729471480546074,-74.02557555056526,Entire home/apt,130,3,199,2023-02-08,1.1,9,323
35,Sample Room,1035,Brooklyn,Harlem,40.75071980191328,-74.0341419066937,Shared room,768,3,131,2023-03-18,0.8,5,99
36,Sample Room,1036,Staten Island,Williamsburg,40.671221583376585,-73.98870013508188,Entire home/apt,394,7,72,2023-11-28,3.4,4,238
37,Sample Room,1037,Staten Island,Harlem,40.76462079737518,-74.06244525109236,Private room,756,2,188,2023-07-26,0.9,5,31
38,Sample Room,1038,Manhattan,Harlem,40.59636800656885,-73.9979810327735,Shared room,400,3,110,2023-02-28,3.3,4,37
39,Sample Room,1039,Bronx,Harlem,40.5341579429436,-74.03451173829643,Shared room,537,1,134,2023-08-20,3.1,6,101
40,Sample Room,1040,Bronx,Fordham,40.56419054767403,-74.18998141407536,Shared room,693,3,50,2023-06-26,1.9,2,274
41,Sample Room,1041,Staten Island,Harlem,40.53640792553174,-73.95888569533358,Shared room,915,3,40,2023-02-08,3.8,4,190
42,Sample Room,1042,Manhattan,St. George,40.64008464607587,-74.01044778198852,Shared room,705,10,143,2023-04-14,0.7,2,221
43,Sample Room,1043,Manhattan,Astoria,40.77025255046035,-74.00341661064355,Entire home/apt,331,7,135,2023-06-05,4.3,3,356
44,Sample Room,1044,Brooklyn,Harlem,40.75612882006611,-74.00015177462042,Entire home/apt,183,2,36,2023-03-04,1.4,6,325
45,Sample Room,1045,Staten Island,St. George,40.695573459819435,-74.14356376046804,Private room,612,3,2,2023-06-18,4.4,9,322
46,Sample Room,1046,Bronx,Fordham,40.527520886714115,-74.20373216690525,Shared room,340,2,8,2023-06-18,2.1,1,247
47,Sample Room,1047,Staten Island,Astoria,40.70617266286079,-74.16146019205775,Entire home/apt,339,5,188,2023-07-17,2.0,6,201
48,Sample Room,1048,Queens,St. George,40.536865473100114,-74.16392248908369,Shared room,420,7,29,2023-10-30,2.2,3,0
49,Sample Room,1049,Queens,Williamsburg,40.61897358175263,-74.10227768435931,Private room,397,1,153,2023-02-22,4.8,6,60
50,Sample Room,1050,Staten Island,Astoria,40.723671381246724,-74.09650298805093,Private room,30,3,157,2023-05-07,3.3,3,217
51,Sample Room,1051,Manhattan,Williamsburg,40.69684506801878,-73.96660489168177,Shared room,581,1,139,2023-12-23,0.8,2,358
52,Sample Room,1052,Brooklyn,Astoria,40.54844735624395,-73.95167524343923,Shared room,407,3,45,2023-07-25,1.8,4,0
53,Sample Room,1053,Brooklyn,Astoria,40.54049395904759,-74.03086598054601,Entire home/apt,365,1,46,2023-05-30,1.2,9,229
54,Sample Room,1054,Staten Island,Astoria,40.58779269176824,-74.16217561383014,Private room,649,10,141,2023-10-09,4.6,9,134
55,Sample Room,1055,Staten Island,Fordham,40.702319760383716,-74.06892215768339,Private room,786,1,26,2023-09-25,2.3,7,30
56,Sample Room,1056,Bronx,Fordham,40.6310088886438,-74.13512935537237,Private room,217,7,160,2023-03-26,2.7,7,338
57,Sample Room,1057,Bronx,St. George,40.64807175226365,-74.11948447156506,Shared room,905,10,6,2023-04-14,4.3,9,3
58,Sample Room,1058,Queens,St. George,40.68614096108104,-73.96060687941431,Entire home/apt,75,1,113,2023-10-25,3.1,2,4
59,Sample Room,1059,Queens,Fordham,40.666062585757395,-74.23615429293625,Shared room,666,10,39,2023-11-06,4.2,5,189
60,Sample Room,1060,Manhattan,St. George,40.51900888310488,-74.02410137205435,Entire home/apt,303,3,31,2023-11-16,1.9,7,296
61,Sample Room,1061,Queens,Astoria,40.716375383206206,-74.02549935097791,Private room,109,30,76,2023-04-11,1.8,6,13
62,Sample Room,1062,Manhattan,Williamsburg,40.72162450674003,-74.0636308797847,Private room,829,5,151,2023-05-06,3.8,3,7
63,Sample Room,1063,Staten Island,St. George,40.78324546990025,-74.14875827615697,Private room,928,1,117,2023-05-16,3.0,8,143
64,Sample Room,1064,Staten Island,Astoria,40.582181068501114,-74.19108500139454,Private room,46,1,73,2023-03-22,1.7,8,65
65,Sample Room,1065,Brooklyn,Harlem,40.545263052834734,-74.05973056816603,Entire home/apt,257,7,17,2023-12-09,3.8,2,22
66,Sample Room,1066,Staten Island,Fordham,40.76165475753553,-74.01237865402808,Entire home/apt,738,3,155,2023-08-17,4.3,9,312
67,Sample Room,1067,Bronx,Williamsburg,40.626035802946184,-74.24304906443051,Entire home/apt,285,1,104,2023-03-24,3.3,2,184
68,Sample Room,1068,Staten Island,Williamsburg,40.58698210998159,-74.12056718479693,Shared room,327,5,86,2023-10-30,2.5,5,57
69,Sample Room,1069,Staten Island,Williamsburg,40.61016067691699,-74.1364807733859,Private room,262,1,141,2023-12-15,1.5,3,290
70,Sample Room,1070,Manhattan,Williamsburg,40.75431014514691,-73.95903312926863,Entire home/apt,54,1,133,2023-02-18,3.3,9,263
71,Sample Room,1071,Staten Island,Fordham,40.751943182093726,-74.23399723872183,Entire home/apt,329,5,171,2023-11-16,2.3,3,32
72,Sample Room,1072,Bronx,Fordham,40.74834301372215,-74.08389399544984,Shared room,224,7,140,2023-06-29,1.6,2,2
73,Sample Room,1073,Manhattan,Williamsburg,40.52238980856093,-74.2175833294646,Entire home/apt,556,10,88,2023-03-31,4.9,4,281
74,Sample Room,1074,Queens,Astoria,40.74635851220222,-73.98483103431377,Shared room,918,30,188,2023-04-20,2.1,7,253
75,Sample Room,1075,Brooklyn,Harlem,40.74650976851184,-74.11505286464553,Private room,475,1,193,2023-12-01,3.2,3,153
76,Sample Room,1076,Queens,Fordham,40.547385986861585,-74.04368305257023,Shared room,773,10,20,2023-03-26,0.9,9,216
77,Sample Room,1077,Bronx,Harlem,40.580159268865835,-74.18296109822461,Entire home/apt,748,3,184,2023-10-13,3.2,1,98
78,Sample Room,1078,Brooklyn,Fordham,40.66717807619085,-74.05242541215237,Shared room,406,1,156,2023-08-10,3.0,6,185
79,Sample Room,1079,Brooklyn,Fordham,40.524399342881864,-74.18746276163097,Entire home/apt,538,5,178,2023-01-05,0.7,3,209
80,Sample Room,1080,Queens,Astoria,40.61493632675875,-74.20926175047552,Entire home/apt,402,1,51,2023-12-29,3.0,6,9
81,Sample Room,1081,Bronx,Astoria,40.60923594571861,-74.1447456426656,Shared room,892,30,32,2023-01-25,2.3,3,233
82,Sample Room,1082,Brooklyn,Astoria,40.534957263727485,-74.05656697528889,Shared room,116,7,99,2023-03-13,2.7,3,344
83,Sample Room,1083,Manhattan,Williamsburg,40.600590537967484,-74.24527683723625,Private room,348,30,47,2023-01-03,3.1,9,344
84,Sample Room,1084,Brooklyn,Harlem,40.62238030465402,-74.04970465744942,Shared room,420,5,125,2023-05-08,2.1,9,173
85,Sample Room,1085,Staten Island,Fordham,40.673554956001965,-74.22063793207633,Entire home/apt,687,10,104,2023-09-22,3.2,3,129
86,Sample Room,1086,Staten Island,Fordham,40.59097348325848,-74.21058038665035,Entire home/apt,533,1,189,2023-07-29,0.6,5,27
87,Sample Room,1087,Manhattan,Williamsburg,40.6803848470862,-74.22556551041575,Private room,560,10,46,2023-10-29,0.7,1,230
88,Sample Room,1088,Bronx,Harlem,40.75638163327912,-74.20612120115398,Shared room,554,5,132,2023-02-07,3.2,3,247
89,Sample Room,1089,Queens,St. George,40.682236454842155,-74.12292228424519,Shared room,652,5,107,2023-03-17,1.5,5,228
90,Sample Room,1090,Staten Island,Harlem,40.65467059496677,-73.99287705624833,Entire home/apt,909,5,165,2023-07-17,1.1,4,52
91,Sample Room,1091,Brooklyn,St. George,40.598971584719266,-74.18625196304421,Shared room,232,30,33,2023-08-10,0.4,6,75
92,Sample Room,1092,Brooklyn,St. George,40.68173720367741,-73.99564783800109,Shared room,702,30,73,2023-11-20,3.5,5,306
93,Sample Room,1093,Staten Island,Fordham,40.71396200135529,-74.15003009233764,Shared room,962,7,27,2023-05-14,2.5,8,146
94,Sample Room,1094,Queens,Fordham,40.7955369287129,-74.1435786020628,Entire home/apt,276,7,145,2023-04-05,5.0,5,180
95,Sample Room,1095,Bronx,Fordham,40.576752308184375,-74.2215375846064,Entire home/apt,190,2,125,2023-04-04,0.6,5,346
96,Sample Room,1096,Staten Island,St. George,40.59080275820459,-74.14647897978465,Entire home/apt,851,7,195,2023-06-22,2.5,7,203
97,Sample Room,1097,Bronx,St. George,40.603408409210786,-74.13561712403492,Private room,400,30,22,2023-02-13,3.6,7,227
98,Sample Room,1098,Brooklyn,Harlem,40.528328497882995,-74.06951035986728,Private room,831,2,105,2023-06-03,1.2,5,19
99,Sample Room,1099,Manhattan,Harlem,40.58041579388055,-74.04927567375263,Private room,930,1,154,2023-05-24,2.0,9,199
100,Sample Room,1100,Bronx,Astoria,40.50956513876545,-74.18055176452097,Entire home/apt,300,3,40,2023-10-08,3.1,1,100
101,Sample Room,1101,Manhattan,Williamsburg,40.71852086570603,-74.20191500517602,Private room,211,5,28,2023-08-25,3.8,2,293
102,Sample Room,1102,Bronx,St. George,40.79575460895535,-73.96015211461433,Entire home/apt,795,30,40,2023-07-28,4.0,2,172
103,Sample Room,1103,Manhattan,Fordham,40.664215092100974,-74.17208399401379,Shared room,553,2,61,2023-03-26,0.2,8,352
104,Sample Room,1104,Staten Island,St. George,40.56681992213789,-74.1545624451777,Shared room,65,7,40,2023-11-10,3.0,1,168
105,Sample Room,1105,Manhattan,Fordham,40.662709577460966,-74.08763714469086,Shared room,768,1,151,2023-11-28,3.1,3,302
106,Sample Room,1106,Brooklyn,Harlem,40.56335938090904,-74.22967937841855,Entire home/apt,400,5,4,2023-08-28,3.5,1,205
107,Sample Room,1107,Staten Island,Harlem,40.65240268432068,-74.20708190609453,Private room,968,1,131,2023-06-05,0.2,6,338
108,Sample Room,1108,Brooklyn,Williamsburg,40.618807893676426,-74.18882830360812,Private room,772,3,147,2023-03-13,1.7,8,7
109,Sample Room,1109,Brooklyn,Harlem,40.61573261000641,-74.05898513771126,Shared room,832,7,160,2023-09-26,2.4,3,4
110,Sample Room,1110,Staten Island,Harlem,40.768644802829044,-73.9682402858502,Private room,210,7,40,2023-12-17,4.2,5,37
111,Sample Room,1111,Manhattan,Harlem,40.68885816575691,-74.12121140629053,Shared room,327,30,27,2023-08-08,4.7,3,7
112,Sample Room,1112,Queens,Harlem,40.62319965671475,-74.0200383609801,Entire home/apt,170,7,6,2023-12-22,1.3,2,359
113,Sample Room,1113,Bronx,Williamsburg,40.51380705901921,-74.24204802185092,Shared room,168,2,5,2023-04-15,0.3,1,221
114,Sample Room,1114,Bronx,Astoria,40.68384898406491,-74.23574349830136,Entire home/apt,842,1,39,2023-05-24,1.7,1,222
115,Sample Room,1115,Staten Island,Williamsburg,40.561271439187145,-74.18054786874667,Entire home/apt,180,1,124,2023-05-21,0.6,1,203
116,Sample Room,1116,Brooklyn,Astoria,40.614429149843815,-73.95442106674513,Private room,568,10,33,2023-11-14,4.1,6,159
117,Sample Room,1117,Queens,St. George,40.73542077333064,-74.18845133197887,Entire home/apt,91,10,27,2023-07-25,1.6,2,28
118,Sample Room,1118,Staten Island,Fordham,40.70032636584518,-74.13916968910289,Entire home/apt,488,7,184,2023-06-26,0.5,6,59
119,Sample Room,1119,Queens,Williamsburg,40.64990872910527,-73.9598002947579,Private room,909,2,72,2023-11-29,0.7,1,182
120,Sample Room,1120,Staten Island,Williamsburg,40.77046044748295,-73.99954128343387,Shared room,387,2,116,2023-01-17,0.2,2,216
121,Sample Room,1121,Bronx,St. George,40.60677470983369,-74.12939852826301,Shared room,612,3,166,2023-03-03,1.0,8,44
122,Sample Room,1122,Bronx,Harlem,40.76869023498913,-74.08742840332926,Private room,497,5,90,2023-04-30,2.2,3,178
123,Sample Room,1123,Manhattan,St. George,40.54361861461975,-74.09290296844493,Shared room,693,10,143,2023-10-23,3.0,7,316
124,Sample Room,1124,Queens,Fordham,40.6735931359561,-73.95475741251127,Entire home/apt,247,7,169,2023-11-17,2.7,5,211
125,Sample Room,1125,Queens,Astoria,40.5816481242733,-74.19837948918659,Private room,429,2,115,2023-12-13,2.7,7,22
126,Sample Room,1126,Brooklyn,St. George,40.64292062711582,-74.13158153229033,Private room,859,10,180,2023-11-25,2.7,9,313
127,Sample Room,1127,Bronx,Astoria,40.52136754002225,-74.22598275359736,Private room,768,2,85,2023-05-26,0.5,6,50
128,Sample Room,1128,Brooklyn,Astoria,40.581270758781876,-74.15373068045511,Shared room,685,1,157,2023-06-20,2.4,6,113
129,Sample Room,1129,Queens,Fordham,40.6772552419263,-74.03294101302477,Entire home/apt,58,7,154,2023-08-11,0.5,3,87
130,Sample Room,1130,Bronx,St. George,40.63877079566738,-74.14735078895819,Private room,98,3,141,2023-06-18,3.4,9,358
131,Sample Room,1131,Brooklyn,Williamsburg,40.680275973274405,-74.18062152914126,Shared room,617,3,89,2023-12-04,2.3,2,316
132,Sample Room,1132,Brooklyn,Fordham,40.50001958151231,-74.24359157479468,Entire home/apt,436,7,128,2023-05-27,4.0,8,238
133,Sample Room,1133,Bronx,Harlem,40.69954656743327,-74.08842057748315,Shared room,819,1,5,2023-07-23,1.8,7,190
134,Sample Room,1134,Bronx,Fordham,40.76846757171615,-74.02209184511338,Private room,446,3,34,2023-07-25,0.3,8,207
135,Sample Room,1135,Bronx,Astoria,40.611035494977145,-74.06028283902732,Entire home/apt,109,7,75,2023-08-24,0.1,9,103
136,Sample Room,1136,Bronx,Fordham,40.688797272383894,-74.23271670405556,Entire home/apt,562,7,74,2023-09-16,3.1,5,276
137,Sample Room,1137,Staten Island,Harlem,40.73583378566672,-74.09488095531141,Private room,475,3,34,2023-06-02,4.2,5,33
138,Sample Room,1138,Queens,Harlem,40.679264451755834,-74.12570986137489,Private room,720,5,66,2023-06-08,4.4,7,257
139,Sample Room,1139,Manhattan,St. George,40.63243005600346,-74.2453129824391,Entire home/apt,626,7,3,2023-12-28,2.5,2,38
140,Sample Room,1140,Staten Island,Astoria,40.6412556006927,-74.24662271448548,Shared room,835,30,162,2023-10-31,4.2,8,168
141,Sample Room,1141,Manhattan,Fordham,40.67326899709475,-74.10297495740735,Private room,50,3,139,2023-11-13,0.6,5,176
142,Sample Room,1142,Bronx,Astoria,40.65076382559926,-73.95021196270876,Shared room,645,10,18,2023-07-09,1.1,9,133
143,Sample Room,1143,Staten Island,Fordham,40.61479495613133,-74.13268578646621,Entire home/apt,763,5,94,2023-03-02,3.0,6,317
144,Sample Room,1144,Staten Island,Astoria,40.66105637508472,-74.13552835948016,Shared room,208,2,28,2023-05-19,4.4,2,93
145,Sample Room,1145,Staten Island,Williamsburg,40.631694419320304,-74.0265408589023,Private room,432,7,34,2023-08-06,0.9,4,334
146,Sample Room,1146,Brooklyn,Fordham,40.57585583919313,-74.15439237728813,Shared room,753,30,154,2023-02-14,3.9,3,18
147,Sample Room,1147,Queens,St. George,40.7561265196968,-74.16339619016298,Shared room,885,3,16,2023-01-10,1.4,8,205
148,Sample Room,1148,Brooklyn,Astoria,40.635823442870326,-74.16454320427161,Entire home/apt,202,30,97,2023-07-20,0.2,2,65
149,Sample Room,1149,Manhattan,Harlem,40.65182224354718,-74.05122076933904,Shared room,728,3,173,2023-06-30,2.5,5,189
150,Sample Room,1150,Manhattan,Williamsburg,40.763507978558,-74.19463971849886,Private room,133,10,84,2023-11-29,4.3,8,219
151,Sample Room,1151,Queens,Harlem,40.75718549380631,-74.21907161202712,Entire home/apt,396,2,32,2023-12-15,0.1,5,303
152,Sample Room,1152,Manhattan,Fordham,40.530482610875616,-73.9627257692802,Shared room,984,10,170,2023-11-21,1.3,3,164
153,Sample Room,1153,Queens,Harlem,40.579804198698746,-74.05755598571416,Entire home/apt,730,10,81,2023-03-27,3.4,2,41
154,Sample Room,1154,Brooklyn,Astoria,40.534205313667854,-74.20548968075362,Entire home/apt,411,5,73,2023-01-13,3.1,3,5
155,Sample Room,1155,Staten Island,Harlem,40.671674750518285,-74.12664400569575,Private room,561,1,153,2023-07-19,3.4,2,154
156,Sample Room,1156,Queens,Williamsburg,40.598308696290864,-74.04448684788417,Private room,516,7,6,2023-11-24,1.6,9,291
157,Sample Room,1157,Staten Island,Harlem,40.53301329970454,-74.01327716691772,Private room,704,7,14,2023-09-15,1.6,4,360
158,Sample Room,1158,Manhattan,Astoria,40.52881138310669,-74.007619461694,Shared room,127,2,92,2023-03-16,1.8,2,112
159,Sample Room,1159,Staten Island,Astoria,40.693117368361435,-74.09052577318766,Shared room,443,30,194,2023-01-21,1.5,5,201
160,Sample Room,1160,Bronx,St. George,40.574176341529196,-74.14551333847719,Shared room,295,1,55,2023-11-16,4.1,1,262
161,Sample Room,1161,Queens,St. George,40.74073124361263,-73.9863346209638,Shared room,744,30,70,2023-09-20,1.1,6,36
162,Sample Room,1162,Bronx,Williamsburg,40.651696754009436,-74.19509363363946,Private room,84,3,99,2023-02-15,1.9,4,308
163,Sample Room,1163,Staten Island,Fordham,40.752985417499794,-74.00499792682524,Shared room,60,30,64,2023-04-01,3.8,5,36
164,Sample Room,1164,Queens,Williamsburg,40.702095754183034,-74.01841300864457,Shared room,991,2,195,2023-09-10,1.4,3,335
165,Sample Room,1165,Manhattan,Harlem,40.50191220312124,-74.14799263342927,Private room,657,1,116,2023-03-06,3.1,9,153
166,Sample Room,1166,Manhattan,Harlem,40.71250884129823,-74.00562742031363,Shared room,864,10,91,2023-02-27,2.1,8,177
167,Sample Room,1167,Queens,Williamsburg,40.57163215350352,-74.06573921157197,Private room,902,10,48,2023-01-20,0.6,9,17
168,Sample Room,1168,Manhattan,Williamsburg,40.66152730668194,-74.0232016583973,Shared room,544,2,18,2023-08-30,0.9,2,165
169,Sample Room,1169,Manhattan,Fordham,40.77204112879662,-74.21882808253953,Entire home/apt,661,10,4,2023-10-20,2.2,6,64
170,Sample Room,1170,Manhattan,Fordham,40.6983394424086,-74.16704621422483,Private room,606,7,157,2023-04-19,4.7,3,181
171,Sample Room,1171,Bronx,Harlem,40.621883700868,-74.1761623179773,Private room,898,7,9,2023-05-21,4.1,8,173
172,Sample Room,1172,Brooklyn,St. George,40.649224004032526,-74.14362053845136,Entire home/apt,849,5,22,2023-04-09,0.4,2,14
173,Sample Room,1173,Queens,Harlem,40.500273228658116,-74.24189282243309,Private room,550,3,140,2023-01-28,2.4,8,79
174,Sample Room,1174,Bronx,Astoria,40.66101203484805,-73.99666377849718,Entire home/apt,534,10,96,2023-07-02,1.8,7,129
175,Sample Room,1175,Staten Island,Astoria,40.510750197635325,-74.15753521968973,Private room,54,3,152,2023-02-26,4.6,7,84
176,Sample Room,1176,Manhattan,Williamsburg,40.715574552943416,-74.21451367698275,Private room,925,2,106,2023-12-16,3.3,4,265
177,Sample Room,1177,Staten Island,St. George,40.78486316298968,-74.06302378119909,Entire home/apt,797,1,121,2023-05-03,1.8,1,347
178,Sample Room,1178,Manhattan,Williamsburg,40.78040006991031,-74.11529330936987,Shared room,918,1,130,2023-02-17,3.9,2,288
179,Sample Room,1179,Bronx,Astoria,40.551414920387046,-74.24329463911313,Shared room,745,7,91,2023-01-30,0.1,1,111
180,Sample Room,1180,Bronx,Fordham,40.797938226353224,-74.02373515370655,Entire home/apt,115,3,186,2023-10-26,4.5,6,33
181,Sample Room,1181,Manhattan,Astoria,40.79754028276329,-73.96536787962233,Entire home/apt,287,7,107,2023-01-23,0.3,7,58
182,Sample Room,1182,Bronx,Astoria,40.63033683360695,-74.13315303155241,Shared room,857,7,172,2023-02-07,3.2,6,91
183,Sample Room,1183,Brooklyn,Harlem,40.78982824506239,-74.21181579860104,Shared room,605,5,183,2023-07-14,3.2,8,107
184,Sample Room,1184,Brooklyn,Harlem,40.771573954850254,-74.16294512800978,Entire home/apt,512,3,47,2023-10-14,0.8,6,95
185,Sample Room,1185,Manhattan,St. George,40.76443907381638,-74.1322380998804,Shared room,759,5,72,2023-08-10,2.5,4,317
186,Sample Room,1186,Queens,Williamsburg,40.50282910276745,-74.08202293527019,Shared room,678,30,37,2023-10-29,1.7,9,78
187,Sample Room,1187,Manhattan,Astoria,40.55548601958181,-74.19865230193331,Private room,626,1,144,2023-01-02,1.4,3,217
188,Sample Room,1188,Brooklyn,Fordham,40.64702240143527,-74.011262087222,Entire home/apt,112,1,144,2023-05-04,4.3,5,129
189,Sample Room,1189,Staten Island,St. George,40.77556795029899,-74.02830209099064,Entire home/apt,214,7,30,2023-06-10,3.9,5,210
190,Sample Room,1190,Bronx,St. George,40.506769586089234,-74.12644152138614,Shared room,221,1,190,2023-12-07,1.7,6,232
191,Sample Room,1191,Brooklyn,St. George,40.7995879984883,-74.23446650992011,Private room,521,3,121,2023-04-01,1.0,2,157
192,Sample Room,1192,Staten Island,St. George,40.619162231474135,-74.12905112093812,Shared room,462,10,163,2023-07-17,3.3,4,95
193,Sample Room,1193,Queens,Williamsburg,40.758052436477925,-74.17463669874924,Private room,573,5,48,2023-10-17,2.2,7,252
194,Sample Room,1194,Staten Island,Harlem,40.618742238159385,-74.02586757153396,Entire home/apt,935,1,27,2023-12-09,0.2,8,226
195,Sample Room,1195,Brooklyn,Harlem,40.65873953738253,-74.07459680454825,Private room,302,30,84,2023-02-04,1.4,4,267
196,Sample Room,1196,Staten Island,Williamsburg,40.760132590335395,-74.16646232742903,Shared room,85,3,27,2023-12-10,2.0,5,225
197,Sample Room,1197,Bronx,Harlem,40.61811907246349,-74.23530305654418,Entire home/apt,602,10,46,2023-07-16,4.3,5,208
198,Sample Room,1198,Queens,Harlem,40.66745339586659,-74.09410573870167,Entire home/apt,575,1,157,2023-12-01,2.4,7,227
199,Sample Room,1199,Brooklyn,Astoria,40.77211680103365,-74.24461089279671,Private room,137,30,39,2023-03-10,4.5,1,140
200,Sample Room,1200,Manhattan,St. George,40.52212596989006,-74.01542262995984,Entire home/apt,793,7,19,2023-09-19,0.9,6,127
201,Sample Room,1201,Staten Island,Fordham,40.78855320756806,-74.09055346050617,Private room,450,5,173,2023-10-11,2.7,6,13
202,Sample Room,1202,Manhattan,Astoria,40.67870916328187,-74.06144882028325,Entire home/apt,936,2,100,2023-06-20,2.0,5,233
203,Sample Room,1203,Bronx,St. George,40.70851250405098,-74.19327357810327,Entire home/apt,211,2,114,2023-03-27,1.8,8,253
204,Sample Room,1204,Queens,Harlem,40.798576356966116,-74.00824322530262,Shared room,483,5,139,2023-01-29,2.3,5,333
205,Sample Room,1205,Brooklyn,Fordham,40.69760076098285,-74.06837554225113,Private room,382,1,172,2023-10-17,0.5,8,326
206,Sample Room,1206,Bronx,Williamsburg,40.67303188188412,-74.07390745135115,Shared room,840,7,110,2023-06-16,1.5,8,106
207,Sample Room,1207,Queens,St. George,40.53405717235877,-74.24692447125044,Entire home/apt,856,10,4,2023-08-04,3.5,8,123
208,Sample Room,1208,Queens,St. George,40.59383660489745,-74.07654372011216,Shared room,703,3,113,2023-10-22,4.9,4,191
209,Sample Room,1209,Bronx,Fordham,40.53728903353318,-73.95217202285734,Entire home/apt,436,1,61,2023-09-05,1.8,7,12
210,Sample Room,1210,Brooklyn,Harlem,40.501107080155954,-74.16527781471414,Private room,61,7,35,2023-10-12,1.9,1,154
211,Sample Room,1211,Queens,Fordham,40.71297485817211,-73.97994027668214,Private room,160,2,103,2023-12-14,3.9,7,171
212,Sample Room,1212,Staten Island,Astoria,40.639233196165485,-74.16079759046208,Shared room,334,1,67,2023-05-20,0.2,8,104
213,Sample Room,1213,Staten Island,Williamsburg,40.71146659695766,-73.96987924208433,Shared room,691,10,130,2023-02-14,3.7,9,291
214,Sample Room,1214,Brooklyn,Harlem,40.51363296025977,-74.23720039526366,Shared room,152,10,77,2023-07-07,0.1,7,9
215,Sample Room,1215,Brooklyn,St. George,40.54643062908833,-73.95614807438298,Entire home/apt,560,5,173,2023-02-05,0.4,5,30
216,Sample Room,1216,Bronx,St. George,40.52334993952456,-74.17502264443975,Entire home/apt,624,3,7,2023-01-26,1.0,4,340
217,Sample Room,1217,Bronx,Astoria,40.65898537394707,-74.03593655135455,Private room,965,1,141,2023-12-29,2.1,2,147
218,Sample Room,1218,Queens,St. George,40.55871366236855,-73.96826468130348,Shared room,309,5,11,2023-08-06,2.9,2,45
219,Sample Room,1219,Queens,Harlem,40.6164904469165,-74.15177025479666,Private room,952,2,146,2023-02-28,3.7,9,288
220,Sample Room,1220,Brooklyn,Astoria,40.561050374110366,-74.11309771030031,Shared room,140,2,163,2023-12-02,0.2,4,200
221,Sample Room,1221,Manhattan,Fordham,40.569934314297406,-73.95629593662741,Shared room,736,1,198,2023-10-17,3.9,1,63
222,Sample Room,1222,Manhattan,St. George,40.629012533493935,-74.11804225505927,Entire home/apt,581,5,47,2023-08-04,4.3,4,63
223,Sample Room,1223,Staten Island,St. George,40.645952589423764,-74.12345108172171,Shared room,496,7,198,2023-10-04,0.4,4,167
224,Sample Room,1224,Staten Island,Williamsburg,40.66624412581804,-74.01634377055892,Shared room,542,1,21,2023-01-19,3.3,2,176
225,Sample Room,1225,Manhattan,Harlem,40.70430413504013,-74.02002053640238,Entire home/apt,452,3,2,2023-05-13,2.4,5,219
226,Sample Room,1226,Manhattan,Fordham,40.66747879458854,-74.24344863531644,Shared room,33,10,64,2023-02-28,1.0,8,131
227,Sample Room,1227,Brooklyn,Fordham,40.77125404280758,-74.196871030327,Private room,35,3,66,2023-07-03,4.6,3,128
228,Sample Room,1228,Bronx,Fordham,40.72271106016409,-74.03206613089579,Shared room,531,30,133,2023-04-07,0.9,5,186
229,Sample Room,1229,Bronx,St. George,40.67622056909943,-73.96726817940882,Private room,225,5,178,2023-04-27,2.1,4,45
230,Sample Room,1230,Brooklyn,St. George,40.606327956029475,-74.05696487625164,Shared room,836,5,198,2023-05-22,3.1,9,91
231,Sample Room,1231,Staten Island,Harlem,40.63321290186743,-74.21947890372023,Shared room,746,5,74,2023-04-25,3.3,3,364
232,Sample Room,1232,Queens,Williamsburg,40.75953826627427,-74.24746286849897,Entire home/apt,543,10,152,2023-05-18,0.8,1,161
233,Sample Room,1233,Manhattan,Harlem,40.746960554510295,-74.01639400836292,Private room,182,10,64,2023-08-25,2.7,8,352
234,Sample Room,1234,Bronx,Williamsburg,40.53754028952899,-73.98491357904321,Private room,315,5,176,2023-05-23,2.6,6,147
235,Sample Room,1235,Bronx,Williamsburg,40.73018774011102,-74.14393882605826,Private room,947,10,125,2023-07-06,2.4,2,19
236,Sample Room,1236,Staten Island,St. George,40.70589804223995,-74.13755666895074,Private room,856,10,166,2023-09-17,0.8,9,361
237,Sample Room,1237,Manhattan,Williamsburg,40.79293509763189,-74.18592761861721,Private room,902,2,46,2023-10-17,2.7,8,75
238,Sample Room,1238,Bronx,Williamsburg,40.78800834832837,-73.99750204776194,Private room,708,2,26,2023-05-03,4.5,5,177
239,Sample Room,1239,Brooklyn,Williamsburg,40.59384716310942,-74.01396665323827,Private room,460,10,129,2023-02-24,0.5,7,48
240,Sample Room,1240,Brooklyn,St. George,40.58173489510081,-74.08430089471301,Private room,133,10,146,2023-09-01,3.0,5,91
241,Sample Room,1241,Queens,St. George,40.67591947837731,-74.06436222496906,Private room,704,2,59,2023-07-20,0.4,4,23
242,Sample Room,1242,Manhattan,St. George,40.530588594921255,-74.09115667919717,Entire home/apt,597,2,3,2023-01-12,2.8,3,260
243,Sample Room,1243,Manhattan,Astoria,40.720036735211764,-73.9963766993994,Private room,430,7,58,2023-02-25,4.3,4,240
244,Sample Room,1244,Manhattan,Astoria,40.604216340400285,-74.1426990171416,Private room,723,2,11,2023-10-18,1.8,6,156
245,Sample Room,1245,Bronx,St. George,40.566848271217,-74.10158109547399,Shared room,898,5,182,2023-02-15,1.9,1,195
246,Sample Room,1246,Bronx,Harlem,40.55653902152045,-73.9929038055423,Entire home/apt,733,3,71,2023-05-25,0.7,8,116
247,Sample Room,1247,Staten Island,St. George,40.557819525760046,-74.15369145110841,Entire home/apt,964,30,133,2023-05-01,2.2,1,292
248,Sample Room,1248,Staten Island,Astoria,40.50446159005654,-73.97873690266623,Entire home/apt,352,10,19,2023-02-02,2.7,2,52
249,Sample Room,1249,Staten Island,Fordham,40.74681785507548,-74.14170583185357,Shared room,849,10,3,2023-12-02,4.3,2,207
250,Sample Room,1250,Staten Island,Harlem,40.71934704282396,-74.21136621316212,Shared room,926,7,192,2023-09-10,4.8,1,327
251,Sample Room,1251,Bronx,Fordham,40.70571871225756,-74.1892434445404,Shared room,106,3,99,2023-06-13,2.2,4,141
252,Sample Room,1252,Brooklyn,Fordham,40.65610608573607,-73.9856248406074,Private room,893,1,94,2023-12-23,0.3,1,38
253,Sample Room,1253,Manhattan,Harlem,40.542148390518776,-74.22149437847006,Private room,221,5,93,2023-12-15,4.1,2,124
254,Sample Room,1254,Queens,St. George,40.79047327761634,-74.2051476058697,Entire home/apt,515,2,181,2023-04-01,3.5,9,68
255,Sample Room,1255,Queens,Fordham,40.73353304294567,-74.22007778065948,Private room,141,7,10,2023-12-23,1.8,8,122
256,Sample Room,1256,Manhattan,St. George,40.54629502226794,-74.0255128671973,Private room,383,7,52,2023-06-14,2.1,3,39
257,Sample Room,1257,Brooklyn,Fordham,40.700127273497394,-74.2449406862113,Entire home/apt,245,30,25,2023-02-13,1.2,3,326
258,Sample Room,1258,Queens,Fordham,40.74724872589999,-74.10210339922601,Entire home/apt,175,2,13,2023-02-11,0.5,1,80
259,Sample Room,1259,Queens,Williamsburg,40.67649520685046,-73.99179923319743,Shared room,269,10,51,2023-12-24,3.5,7,62
260,Sample Room,1260,Brooklyn,Astoria,40.75679409099868,-73.99888903130518,Private room,223,2,98,2023-04-03,5.0,5,199
261,Sample Room,1261,Brooklyn,Harlem,40.60164877100674,-74.20621895036773,Private room,75,5,99,2023-04-15,2.3,8,92
262,Sample Room,1262,Staten Island,St. George,40.7969487029335,-74.0475322163605,Private room,615,3,126,2023-09-25,2.7,3,249
263,Sample Room,1263,Staten Island,Williamsburg,40.79138628656726,-74.203723157935,Entire home/apt,327,5,49,2023-03-23,3.7,1,259
264,Sample Room,1264,Bronx,Astoria,40.642665077533316,-74.20751944832475,Private room,383,7,139,2023-03-16,2.5,9,237
265,Sample Room,1265,Staten Island,Astoria,40.78181147882778,-74.22241763053707,Entire home/apt,655,2,53,2023-10-18,2.0,5,139
266,Sample Room,1266,Staten Island,Williamsburg,40.65843269524318,-74.21858797314069,Private room,567,2,8,2023-02-28,1.7,5,228
267,Sample Room,1267,Bronx,Astoria,40.620757595777526,-74.12663572962813,Shared room,202,3,180,2023-09-16,2.0,8,341
268,Sample Room,1268,Manhattan,Astoria,40.59858706531001,-74.0759759483613,Shared room,529,3,158,2023-06-29,2.9,9,81
269,Sample Room,1269,Staten Island,Williamsburg,40.779564350779026,-74.13478574610603,Shared room,648,30,180,2023-09-21,0.9,5,84
270,Sample Room,1270,Staten Island,St. George,40.760248337322984,-74.1300008504042,Shared room,217,2,51,2023-08-19,1.2,8,19
271,Sample Room,1271,Queens,Astoria,40.66086722419567,-74.20125360387068,Entire home/apt,565,5,184,2023-07-29,0.3,1,334
272,Sample Room,1272,Queens,Williamsburg,40.76377719883115,-74.0568763915047,Shared room,452,7,38,2023-07-10,4.2,1,353
273,Sample Room,1273,Queens,Williamsburg,40.50113275141495,-74.18058777878049,Shared room,503,1,190,2023-11-24,2.2,1,257
274,Sample Room,1274,Queens,Fordham,40.56130572429177,-74.12532092520324,Entire home/apt,36,2,2,2023-04-25,2.9,8,142
275,Sample Room,1275,Queens,Harlem,40.735912273548365,-74.18654380111907,Entire home/apt,723,1,183,2023-10-30,4.9,3,316
276,Sample Room,1276,Queens,St. George,40.57471965179809,-74.06659099463631,Shared room,173,10,110,2023-11-17,1.3,9,97
277,Sample Room,1277,Staten Island,Harlem,40.55110742473754,-74.00697247187495,Shared room,403,1,100,2023-08-01,0.8,3,244
278,Sample Room,1278,Manhattan,Astoria,40.54963096893759,-74.14452163288462,Private room,231,3,92,2023-07-05,1.1,1,32
279,Sample Room,1279,Queens,Williamsburg,40.60119610730859,-74.0204112391356,Private room,594,2,80,2023-09-30,2.0,5,71
280,Sample Room,1280,Bronx,Fordham,40.74477668776909,-73.95665475072242,Private room,797,3,65,2023-05-11,1.3,9,153
281,Sample Room,1281,Staten Island,St. George,40.65883813187697,-73.98912793104,Entire home/apt,161,3,196,2023-12-14,0.6,4,22
282,Sample Room,1282,Staten Island,Harlem,40.51514363674108,-74.06442332681411,Shared room,70,1,52,2023-07-07,3.2,3,104
283,Sample Room,1283,Queens,Harlem,40.692684632872634,-74.1747426906665,Shared room,866,7,130,2023-08-11,1.9,5,312
284,Sample Room,1284,Brooklyn,Harlem,40.70302547718984,-74.20790105872769,Entire home/apt,68,7,196,2023-07-17,3.7,3,85
285,Sample Room,1285,Manhattan,Fordham,40.731951990853005,-74.24634511228305,Shared room,116,10,134,2023-03-20,1.0,1,116
286,Sample Room,1286,Queens,St. George,40.64246042121846,-74.15962803106409,Shared room,979,5,120,2023-09-28,3.7,1,38
287,Sample Room,1287,Staten Island,Williamsburg,40.63979896803217,-73.97281575886092,Entire home/apt,221,10,105,2023-08-24,4.6,3,325
288,Sample Room,1288,Bronx,Harlem,40.63643165714788,-74.13189174423356,Private room,88,30,101,2023-02-07,0.3,4,115
289,Sample Room,1289,Manhattan,Fordham,40.58833763619276,-74.0868313488818,Entire home/apt,997,30,66,2023-03-09,4.5,3,331
290,Sample Room,1290,Bronx,Fordham,40.71887862488404,-74.15309468624376,Shared room,322,10,142,2023-02-16,4.8,7,349
291,Sample Room,1291,Bronx,Astoria,40.613036382659224,-74.23483233290416,Entire home/apt,319,10,65,2023-04-30,4.4,3,101
292,Sample Room,1292,Queens,Harlem,40.6754575358957,-73.96823879594132,Shared room,844,30,167,2023-11-25,0.9,3,135
293,Sample Room,1293,Queens,Harlem,40.7600288032204,-74.00761132755585,Shared room,194,30,40,2023-01-14,1.6,8,187
294,Sample Room,1294,Queens,Williamsburg,40.77982527937751,-74.14052778522198,Entire home/apt,48,30,110,2023-06-19,1.9,9,19
295,Sample Room,1295,Bronx,Williamsburg,40.74953227826973,-74.19675587817477,Entire home/apt,527,30,33,2023-04-10,1.9,8,148
296,Sample Room,1296,Brooklyn,Harlem,40.78369977088869,-74.00260052397198,Shared room,400,30,11,2023-08-08,4.1,1,272
297,Sample Room,1297,Manhattan,Williamsburg,40.60999025476595,-74.06949188363994,Entire home/apt,39,7,68,2023-01-04,2.1,5,92
298,Sample Room,1298,Staten Island,St. George,40.66468157728526,-74.10934491409091,Entire home/apt,600,5,85,2023-10-17,3.4,6,25
299,Sample Room,1299,Bronx,Astoria,40.559752752135495,-74.14376720980647,Private room,904,7,118,2023-06-27,1.6,1,123
300,Sample Room,1300,Manhattan,Williamsburg,40.66165817283708,-74.05765601552288,Entire home/apt,554,10,137,2023-04-26,0.6,4,69
301,Sample Room,1301,Queens,Harlem,40.517137002347695,-74.00219404032846,Entire home/apt,226,7,173,2023-11-15,0.2,1,155
302,Sample Room,1302,Queens,Williamsburg,40.62281788688838,-74.00350845404857,Shared room,37,30,162,2023-12-08,3.6,9,254
303,Sample Room,1303,Queens,Williamsburg,40.666063173601046,-74.22423078369383,Shared room,910,1,67,2023-03-10,2.9,7,271
304,Sample Room,1304,Bronx,Williamsburg,40.704763629911504,-74.15914804148917,Shared room,111,30,199,2023-05-13,4.0,5,154
305,Sample Room,1305,Brooklyn,Harlem,40.502926300033245,-73.95361343205492,Shared room,181,2,12,2023-04-04,0.9,9,278
306,Sample Room,1306,Brooklyn,Fordham,40.66678617649401,-74.08006106002144,Private room,427,5,126,2023-04-16,3.6,1,9
307,Sample Room,1307,Manhattan,St. George,40.62470683579871,-74.07545646237992,Shared room,214,5,125,2023-05-05,3.9,3,251
308,Sample Room,1308,Manhattan,Williamsburg,40.786788490382065,-74.20121026925219,Private room,804,5,42,2023-09-22,2.2,9,221
309,Sample Room,1309,Staten Island,St. George,40.52913662161073,-73.976367110476,Private room,637,7,165,2023-12-18,1.5,6,321
310,Sample Room,1310,Queens,Harlem,40.63934744580157,-74.15959001071398,Entire home/apt,925,10,25,2023-12-13,2.7,7,266
311,Sample Room,1311,Manhattan,Harlem,40.72174237851851,-73.96024694666794,Private room,184,7,24,2023-09-28,2.6,7,316
312,Sample Room,1312,Queens,Astoria,40.55192163454474,-73.9600685283185,Shared room,489,1,172,2023-03-23,2.2,7,172
313,Sample Room,1313,Manhattan,Harlem,40.67440038715419,-74.08595320519659,Entire home/apt,292,3,104,2023-03-21,2.1,9,260
314,Sample Room,1314,Brooklyn,Fordham,40.71008788310813,-74.22043666771825,Entire home/apt,179,1,96,2023-02-10,3.1,1,233
315,Sample Room,1315,Bronx,Fordham,40.67390771350154,-74.20067165065933,Shared room,283,2,30,2023-07-02,2.3,1,66
316,Sample Room,1316,Brooklyn,Astoria,40.57090928862611,-74.07329659967172,Shared room,725,2,70,2023-09-17,2.4,7,315
317,Sample Room,1317,Bronx,Astoria,40.58233713853277,-74.1835357985576,Shared room,680,3,113,2023-12-06,4.0,3,365
318,Sample Room,1318,Staten Island,Williamsburg,40.50175655023112,-74.14381055851244,Entire home/apt,932,1,71,2023-01-18,2.4,5,357
319,Sample Room,1319,Manhattan,Harlem,40.51279520693495,-73.99021137624229,Shared room,592,7,39,2023-10-18,3.5,9,174
320,Sample Room,1320,Bronx,Harlem,40.62178408611754,-74.06727745560838,Entire home/apt,817,30,197,2023-02-08,2.4,4,26
321,Sample Room,1321,Brooklyn,Harlem,40.651617146615365,-74.05715962345536,Shared room,676,5,110,2023-01-03,1.7,5,235
322,Sample Room,1322,Bronx,Astoria,40.75734090049546,-74.00082027056804,Shared room,637,5,90,2023-03-08,1.3,2,137
323,Sample Room,1323,Queens,St. George,40.600041407934455,-74.04310228733527,Entire home/apt,741,5,1,2023-03-05,4.7,7,280
324,Sample Room,1324,Staten Island,Fordham,40.64618678284282,-74.05008336405595,Shared room,804,5,30,2023-11-13,1.4,6,286
325,Sample Room,1325,Staten Island,Williamsburg,40.76155406831844,-74.15011547906234,Entire home/apt,960,2,109,2023-03-01,1.3,1,349
326,Sample Room,1326,Staten Island,Fordham,40.63982427774319,-74.0612906101412,Shared room,686,3,45,2023-06-21,2.8,9,248
327,Sample Room,1327,Staten Island,Williamsburg,40.66314631253923,-74.09394003989142,Private room,116,7,103,2023-09-20,2.7,3,302
328,Sample Room,1328,Bronx,St. George,40.51929308673426,-74.11254307166016,Shared room,745,5,103,2023-03-25,2.7,6,131
329,Sample Room,1329,Bronx,Fordham,40.631596092350996,-74.04337388118232,Shared room,573,3,64,2023-05-26,3.2,4,142
330,Sample Room,1330,Bronx,Williamsburg,40.597669377772235,-74.23607761553345,Private room,615,2,92,2023-10-24,3.2,1,162
331,Sample Room,1331,Queens,Fordham,40.780784619230786,-74.14040881144948,Shared room,671,10,78,2023-01-23,4.3,8,35
332,Sample Room,1332,Staten Island,St. George,40.592862028862974,-74.0922989950001,Shared room,54,2,82,2023-11-03,4.7,7,277
333,Sample Room,1333,Staten Island,Williamsburg,40.69084558839545,-73.9931727149233,Private room,689,30,134,2023-06-24,2.6,7,287
334,Sample Room,1334,Queens,Astoria,40.52059077884409,-74.02506562684813,Entire home/apt,170,5,47,2023-08-08,0.1,5,259
335,Sample Room,1335,Queens,Williamsburg,40.748335037830685,-73.96811312992565,Entire home/apt,192,10,86,2023-02-24,1.7,6,31
336,Sample Room,1336,Queens,Astoria,40.64395178699344,-73.96372407794534,Shared room,33,2,136,2023-12-06,2.6,7,17
337,Sample Room,1337,Bronx,Astoria,40.51560403453877,-74.19454694332481,Private room,251,10,20,2023-09-07,3.4,5,195
338,Sample Room,1338,Queens,Fordham,40.56817482054772,-74.0740308592054,Entire home/apt,509,3,63,2023-12-27,1.9,2,229
339,Sample Room,1339,Staten Island,Williamsburg,40.686006230708124,-74.04173907157313,Shared room,853,2,166,2023-06-05,1.0,5,273
340,Sample Room,1340,Manhattan,Williamsburg,40.71729382482906,-74.1157560091532,Shared room,971,30,53,2023-11-19,2.6,7,274
341,Sample Room,1341,Manhattan,Williamsburg,40.64646139111867,-73.9971137019893,Shared room,404,30,172,2023-08-16,4.9,5,76
342,Sample Room,1342,Manhattan,Williamsburg,40.72193317149419,-74.23031972982668,Shared room,790,30,29,2023-06-13,4.2,4,27
343,Sample Room,1343,Queens,St. George,40.77059755650017,-73.9771771571156,Shared room,682,10,196,2023-01-21,2.9,4,241
344,Sample Room,1344,Bronx,Harlem,40.76201592833945,-74.09253864065332,Private room,472,7,39,2023-05-24,4.7,1,149
345,Sample Room,1345,Bronx,Harlem,40.66918841486071,-74.03213926171941,Private room,530,1,55,2023-01-06,3.7,5,239
346,Sample Room,1346,Queens,St. George,40.610655520250255,-74.12890623311473,Entire home/apt,701,2,52,2023-08-13,0.9,1,116
347,Sample Room,1347,Brooklyn,Astoria,40.59151207257429,-74.0282135361531,Shared room,900,1,73,2023-08-24,0.6,2,262
348,Sample Room,1348,Bronx,Harlem,40.718825239191965,-74.09346400616668,Shared room,719,7,123,2023-02-11,1.2,3,1
349,Sample Room,1349,Brooklyn,Williamsburg,40.567541473613325,-74.17249187337421,Shared room,789,30,48,2023-01-26,1.5,8,20
350,Sample Room,1350,Brooklyn,St. George,40.78972403554426,-74.12079313278542,Private room,967,30,156,2023-07-06,3.2,9,309
351,Sample Room,1351,Manhattan,St. George,40.68189817973352,-74.00932342134354,Entire home/apt,313,2,177,2023-11-03,3.0,9,341
352,Sample Room,1352,Queens,Harlem,40.73087281208654,-74.16713171984044,Entire home/apt,197,2,73,2023-09-26,2.7,8,279
353,Sample Room,1353,Staten Island,St. George,40.64389164172519,-74.21491573398839,Shared room,267,1,151,2023-03-13,4.7,9,56
354,Sample Room,1354,Queens,Williamsburg,40.723027150571355,-74.21502669183182,Entire home/apt,520,1,39,2023-05-18,4.2,8,273
355,Sample Room,1355,Queens,Fordham,40.504805465456656,-74.05211404562505,Entire home/apt,163,7,173,2023-09-25,0.3,3,33
356,Sample Room,1356,Staten Island,Williamsburg,40.684853045508156,-74.02044126753461,Entire home/apt,818,7,54,2023-05-04,4.2,2,284
357,Sample Room,1357,Staten Island,Fordham,40.52841853046239,-74.2136767578961,Private room,190,5,13,2023-03-12,1.6,7,280
358,Sample Room,1358,Queens,Fordham,40.561640693815406,-74.10239081672957,Entire home/apt,243,1,189,2023-05-19,3.7,4,21
359,Sample Room,1359,Manhattan,Astoria,40.57726482072879,-74.07565152808367,Entire home/apt,244,3,166,2023-07-15,1.3,8,127
360,Sample Room,1360,Bronx,Fordham,40.67812403944888,-74.03280267028387,Shared room,149,3,198,2023-11-04,4.1,2,272
361,Sample Room,1361,Manhattan,Astoria,40.671752139367825,-74.12333807869408,Entire home/apt,386,3,2,2023-05-01,2.2,6,241
362,Sample Room,1362,Bronx,St. George,40.5353141744886,-74.19536741133281,Shared room,637,1,6,2023-06-18,1.8,3,274
363,Sample Room,1363,Brooklyn,Harlem,40.58769584414164,-74.14979514090984,Private room,466,10,94,2023-10-09,3.1,5,333
364,Sample Room,1364,Brooklyn,St. George,40.67825884199523,-74.02673111513107,Entire home/apt,55,5,143,2023-06-07,2.8,8,259
365,Sample Room,1365,Manhattan,Williamsburg,40.6967946895657,-74.12832607503479,Entire home/apt,400,5,75,2023-10-28,5.0,3,39
366,Sample Room,1366,Queens,Fordham,40.680007577901215,-74.12143355755393,Private room,296,5,7,2023-03-28,1.4,2,105
367,Sample Room,1367,Bronx,St. George,40.59824929047189,-74.12172271425803,Shared room,912,5,159,2023-04-28,1.9,4,180
368,Sample Room,1368,Brooklyn,Harlem,40.66221049418329,-74.16399389937413,Entire home/apt,415,1,24,2023-05-31,3.0,6,138
369,Sample Room,1369,Brooklyn,Astoria,40.79949204803314,-74.24963026314161,Private room,530,2,15,2023-11-06,3.9,7,84
370,Sample Room,1370,Staten Island,St. George,40.79178762651603,-74.20245844418623,Private room,112,5,177,2023-04-04,2.9,9,155
371,Sample Room,1371,Brooklyn,Harlem,40.50637508359324,-74.0253529685748,Entire home/apt,182,3,184,2023-12-06,2.4,7,365
372,Sample Room,1372,Queens,Fordham,40.593598352018596,-74.03374151845226,Entire home/apt,286,10,185,2023-07-31,4.6,1,35
373,Sample Room,1373,Queens,Harlem,40.603694595446484,-74.07947089211416,Shared room,832,5,33,2023-11-24,1.1,2,281
374,Sample Room,1374,Manhattan,Astoria,40.52186997141574,-74.06456911222686,Entire home/apt,338,7,189,2023-02-03,4.5,9,63
375,Sample Room,1375,Bronx,Fordham,40.78379354399204,-74.13876462145066,Private room,257,7,33,2023-09-02,3.0,5,298
376,Sample Room,1376,Manhattan,Astoria,40.62503981637044,-74.05565090637366,Entire home/apt,502,7,177,2023-06-16,4.7,7,274
377,Sample Room,1377,Manhattan,Harlem,40.52564603326954,-74.14953861936463,Entire home/apt,204,30,96,2023-04-18,3.6,1,88
378,Sample Room,1378,Manhattan,Harlem,40.58858870260373,-74.21020940523192,Private room,416,3,104,2023-09-18,4.5,4,56
379,Sample Room,1379,Brooklyn,St. George,40.60362923900445,-74.05712185181066,Entire home/apt,877,3,65,2023-09-12,1.2,2,132
380,Sample Room,1380,Staten Island,Astoria,40.724367906552125,-74.0952998995962,Shared room,702,3,114,2023-11-05,3.7,6,180
381,Sample Room,1381,Queens,Harlem,40.60682549767141,-74.0832957194647,Shared room,584,30,89,2023-10-18,3.2,9,307
382,Sample Room,1382,Manhattan,Astoria,40.58590515381384,-74.06581191583423,Shared room,691,2,144,2023-03-05,1.8,2,188
383,Sample Room,1383,Bronx,Williamsburg,40.580848762630644,-74.05705539122677,Entire home/apt,317,30,70,2023-01-25,4.0,4,51
384,Sample Room,1384,Manhattan,Fordham,40.52274820811596,-74.0014491080628,Entire home/apt,615,30,44,2023-12-06,4.0,9,274
385,Sample Room,1385,Manhattan,Astoria,40.54675792586322,-74.21642896224006,Entire home/apt,692,2,148,2023-04-21,0.6,1,60
386,Sample Room,1386,Manhattan,Williamsburg,40.68424734846651,-73.95463082088646,Private room,392,10,107,2023-01-18,2.8,1,74
387,Sample Room,1387,Manhattan,Williamsburg,40.55127153517135,-74.1868235433549,Entire home/apt,855,10,180,2023-01-24,2.2,7,27
388,Sample Room,1388,Queens,Fordham,40.68311390599545,-74.10366963648725,Entire home/apt,362,10,32,2023-06-10,3.4,6,130
389,Sample Room,1389,Bronx,Fordham,40.64269068643813,-74.23776676249463,Shared room,154,30,47,2023-08-08,3.9,7,28
390,Sample Room,1390,Bronx,Williamsburg,40.52665092872579,-74.06155288451133,Private room,495,30,189,2023-12-23,1.7,5,117
391,Sample Room,1391,Brooklyn,Williamsburg,40.69077545313736,-74.01223850198576,Entire home/apt,987,30,192,2023-01-30,2.4,9,34
392,Sample Room,1392,Brooklyn,St. George,40.79174211673686,-74.2340072710638,Shared room,472,30,176,2023-09-23,3.7,3,298
393,Sample Room,1393,Brooklyn,Fordham,40.630542018373966,-73.98190831657648,Entire home/apt,840,7,142,2023-11-23,1.0,7,171
394,Sample Room,1394,Manhattan,Harlem,40.700315870863584,-74.15229420742918,Entire home/apt,712,30,185,2023-09-17,2.2,6,115
395,Sample Room,1395,Bronx,St. George,40.67641520655612,-73.98949683277517,Entire home/apt,993,5,103,2023-11-28,3.4,9,147
396,Sample Room,1396,Manhattan,Fordham,40.549968740007735,-73.98753218440352,Shared room,450,10,64,2023-10-23,4.5,1,354
397,Sample Room,1397,Staten Island,Harlem,40.70354262519037,-73.95935129368785,Entire home/apt,915,3,22,2023-10-22,2.6,2,160
398,Sample Room,1398,Brooklyn,St. George,40.771064001306776,-74.12876622474606,Entire home/apt,376,10,167,2023-07-28,3.4,9,161
399,Sample Room,1399,Bronx,Williamsburg,40.58594609268934,-73.99151583140205,Private room,75,10,70,2023-05-23,0.3,3,97
400,Sample Room,1400,Staten Island,Harlem,40.726040069042,-74.13389642714169,Private room,278,3,196,2023-07-02,2.1,8,326
401,Sample Room,1401,Staten Island,Astoria,40.52245757386349,-74.24277750453503,Private room,178,7,197,2023-08-15,3.9,4,57
402,Sample Room,1402,Staten Island,Harlem,40.66509147441635,-73.96846668051063,Shared room,487,5,134,2023-10-11,1.9,9,217
403,Sample Room,1403,Queens,St. George,40.53726440205484,-73.95042572965883,Shared room,691,10,23,2023-01-14,0.6,3,302
404,Sample Room,1404,Staten Island,St. George,40.63030175023829,-74.14202930274729,Entire home/apt,820,2,84,2023-05-01,4.0,8,77
405,Sample Room,1405,Manhattan,Williamsburg,40.6334520111779,-74.06481500033158,Private room,405,30,4,2023-03-06,2.7,7,362
406,Sample Room,1406,Bronx,Fordham,40.69899288745804,-74.07103375905096,Private room,124,7,82,2023-09-02,0.6,5,212
407,Sample Room,1407,Brooklyn,Fordham,40.61247703759899,-74.19525463314228,Private room,785,5,155,2023-02-25,5.0,7,25
408,Sample Room,1408,Brooklyn,St. George,40.603641028084745,-73.99175751283853,Shared room,269,1,81,2023-12-29,1.6,6,32
409,Sample Room,1409,Manhattan,Fordham,40.550722521140365,-74.20678494617961,Shared room,866,5,182,2023-11-10,0.2,2,215
410,Sample Room,1410,Queens,Fordham,40.5095549923779,-74.22985942533127,Private room,739,2,82,2023-11-03,2.0,1,290
411,Sample Room,1411,Brooklyn,Williamsburg,40.52754725295684,-74.04507999791021,Entire home/apt,811,3,187,2023-12-18,2.5,8,348
412,Sample Room,1412,Manhattan,Williamsburg,40.655636427108114,-74.04930311666129,Shared room,194,7,181,2023-11-07,3.0,1,47
413,Sample Room,1413,Manhattan,Astoria,40.694047338448925,-74.14580749506283,Shared room,878,5,10,2023-12-04,4.4,6,197
414,Sample Room,1414,Queens,Williamsburg,40.54014697091067,-74.15455967340164,Entire home/apt,259,3,90,2023-01-15,0.8,5,235
415,Sample Room,1415,Queens,St. George,40.75666953725674,-73.95109250298061,Private room,104,1,90,2023-11-15,0.7,9,364
416,Sample Room,1416,Manhattan,Fordham,40.795891656502725,-74.08281927802588,Private room,908,7,72,2023-07-12,4.6,2,172
417,Sample Room,1417,Bronx,Astoria,40.54843201190837,-74.10120561956816,Entire home/apt,219,7,5,2023-08-04,4.4,9,319
418,Sample Room,1418,Manhattan,Astoria,40.59651478292657,-74.0054047354863,Private room,509,7,33,2023-09-21,3.4,8,40
419,Sample Room,1419,Brooklyn,St. George,40.64597001059449,-74.21299335716077,Private room,616,3,2,2023-01-04,1.1,6,15
420,Sample Room,1420,Brooklyn,Williamsburg,40.56620465169797,-73.994446016552,Entire home/apt,478,1,167,2023-06-06,1.9,7,158
421,Sample Room,1421,Brooklyn,Astoria,40.66706812748133,-74.11424628113676,Shared room,559,7,70,2023-04-02,4.9,7,249
422,Sample Room,1422,Manhattan,Williamsburg,40.70688418033798,-73.97077496902439,Private room,295,7,195,2023-11-19,1.7,8,221
423,Sample Room,1423,Brooklyn,Williamsburg,40.67394088674357,-73.9675160944973,Private room,992,1,24,2023-09-20,0.1,2,214
424,Sample Room,1424,Staten Island,St. George,40.61178928315499,-73.95466992094926,Entire home/apt,207,5,103,2023-12-20,4.1,5,300
425,Sample Room,1425,Staten Island,St. George,40.766825051841906,-74.05234044973841,Private room,280,2,24,2023-07-25,2.3,3,239
426,Sample Room,1426,Bronx,Williamsburg,40.556284631738656,-74.2470760318324,Entire home/apt,742,7,26,2023-10-29,2.3,8,65
427,Sample Room,1427,Brooklyn,Astoria,40.75909745511274,-74.11479007831832,Entire home/apt,474,7,23,2023-12-31,3.3,3,301
428,Sample Room,1428,Staten Island,Fordham,40.79023703535398,-74.1782154367203,Entire home/apt,281,3,60,2023-09-28,1.0,3,351
429,Sample Room,1429,Staten Island,Astoria,40.746390015187835,-74.14943989568675,Private room,897,2,137,2023-07-27,0.3,6,149
430,Sample Room,1430,Bronx,Williamsburg,40.784417011791234,-74.2078757787943,Shared room,507,1,128,2023-09-11,4.9,9,207
431,Sample Room,1431,Staten Island,Williamsburg,40.54615088692116,-73.96037410052523,Shared room,747,7,156,2023-02-01,3.4,9,156
432,Sample Room,1432,Manhattan,Astoria,40.5322241457105,-74.00687657357277,Private room,454,10,94,2023-02-22,1.4,2,93
433,Sample Room,1433,Staten Island,Astoria,40.581217259506396,-74.17154826304711,Private room,628,10,100,2023-02-26,3.1,4,302
434,Sample Room,1434,Staten Island,Williamsburg,40.63455890830316,-74.16417604426933,Private room,975,1,119,2023-11-12,4.1,1,123
435,Sample Room,1435,Manhattan,Astoria,40.756740937164004,-74.07048878217955,Entire home/apt,827,30,31,2023-08-16,0.4,4,330
436,Sample Room,1436,Staten Island,Williamsburg,40.699626103306564,-74.01710347729622,Shared room,512,2,70,2023-10-14,0.9,7,361
437,Sample Room,1437,Queens,Harlem,40.742287420818904,-74.14577038748943,Private room,308,10,171,2023-03-31,0.2,1,33
438,Sample Room,1438,Manhattan,Williamsburg,40.79578408770386,-73.96275777486169,Private room,341,2,160,2023-10-28,1.9,2,161
439,Sample Room,1439,Staten Island,Astoria,40.589803424988716,-74.07511368222318,Private room,169,1,85,2023-07-19,2.3,8,277
440,Sample Room,1440,Staten Island,St. George,40.7021023164853,-74.22204084765407,Shared room,447,3,193,2023-07-24,0.3,5,330
441,Sample Room,1441,Manhattan,Astoria,40.56179708931919,-73.98950825560209,Shared room,48,7,21,2023-06-26,5.0,8,193
442,Sample Room,1442,Manhattan,Astoria,40.66878769378554,-74.1504190004838,Private room,459,3,57,2023-02-17,4.1,9,282
443,Sample Room,1443,Queens,Williamsburg,40.60683447239064,-74.06165355784124,Entire home/apt,729,2,98,2023-07-29,0.2,3,18
444,Sample Room,1444,Manhattan,Harlem,40.50258566050268,-74.11891974183337,Private room,105,3,67,2023-05-04,1.2,6,159
445,Sample Room,1445,Bronx,Williamsburg,40.77654895325918,-74.16451949629729,Shared room,235,7,147,2023-11-11,4.6,3,211
446,Sample Room,1446,Staten Island,Fordham,40.72600063766599,-73.99752189325841,Shared room,242,1,85,2023-02-07,3.0,4,268
447,Sample Room,1447,Staten Island,Harlem,40.78892201418954,-73.99833359430534,Shared room,350,1,41,2023-07-30,3.5,4,192
448,Sample Room,1448,Queens,St. George,40.52928873809767,-74.04247748479816,Private room,370,5,170,2023-12-10,0.7,6,334
449,Sample Room,1449,Bronx,Fordham,40.63727456406543,-74.10120619140615,Entire home/apt,294,7,68,2023-02-12,4.2,5,151
450,Sample Room,1450,Brooklyn,Williamsburg,40.77070152607375,-74.20516779298262,Shared room,529,10,109,2023-05-09,2.6,4,358
451,Sample Room,1451,Bronx,Williamsburg,40.54700199107765,-74.02306688038281,Private room,402,3,59,2023-08-26,3.7,9,312
452,Sample Room,1452,Manhattan,Harlem,40.58146638474008,-74.07297640552753,Private room,504,2,197,2023-03-29,1.9,6,212
453,Sample Room,1453,Queens,St. George,40.70562953883203,-74.14211778295784,Entire home/apt,354,2,49,2024-01-01,4.6,4,230
454,Sample Room,1454,Queens,Harlem,40.50308254522421,-73.99583221752043,Private room,125,7,165,2023-12-10,3.3,5,254
455,Sample Room,1455,Staten Island,Harlem,40.72554048784164,-74.13800890751396,Private room,456,3,11,2023-02-22,3.4,9,40
456,Sample Room,1456,Bronx,Harlem,40.78099817914069,-73.96626856598313,Entire home/apt,257,3,55,2023-01-20,3.3,1,152
457,Sample Room,1457,Queens,Williamsburg,40.53085265541943,-74.11866148941327,Entire home/apt,444,5,119,2023-09-26,2.6,9,332
458,Sample Room,1458,Manhattan,Astoria,40.650001950635705,-74.22393595319191,Private room,292,30,72,2023-04-09,2.6,6,129
459,Sample Room,1459,Brooklyn,Williamsburg,40.503163113473036,-73.96646353406409,Private room,500,3,77,2023-02-22,4.9,7,297
460,Sample Room,1460,Manhattan,Harlem,40.747005255517266,-73.9584265283743,Shared room,877,10,165,2023-03-11,0.7,6,318
461,Sample Room,1461,Bronx,Harlem,40.59807964948776,-74.18175324617461,Entire home/apt,126,3,82,2023-09-28,2.7,5,7
462,Sample Room,1462,Bronx,Astoria,40.78457774184994,-74.06569310343608,Shared room,406,10,36,2023-12-06,2.8,4,114
463,Sample Room,1463,Bronx,Harlem,40.59829643717636,-74.18420123559251,Private room,357,30,58,2023-12-26,1.2,8,264
464,Sample Room,1464,Queens,Fordham,40.50022747379362,-73.98610248831395,Private room,844,5,166,2023-04-03,4.8,1,213
465,Sample Room,1465,Bronx,Harlem,40.53551683401433,-74.05245517334394,Private room,371,5,181,2023-06-14,1.1,4,160
466,Sample Room,1466,Brooklyn,Harlem,40.6041239661561,-73.95152237586097,Private room,658,10,173,2023-05-05,4.4,9,280
467,Sample Room,1467,Queens,Astoria,40.65022357590669,-74.09224506788486,Entire home/apt,728,2,21,2023-11-22,2.9,8,123
468,Sample Room,1468,Bronx,Fordham,40.558603151784716,-74.02163280792071,Shared room,568,2,17,2023-08-27,2.5,9,97
469,Sample Room,1469,Bronx,Harlem,40.64354560966143,-74.07990939028434,Shared room,38,2,43,2023-12-30,2.0,6,234
470,Sample Room,1470,Staten Island,Harlem,40.5923087680811,-74.0439958697401,Private room,166,30,43,2023-03-16,3.8,2,285
471,Sample Room,1471,Bronx,Fordham,40.54890326812145,-74.01307891744442,Shared room,792,3,71,2023-11-20,1.1,5,227
472,Sample Room,1472,Queens,Astoria,40.73656001644594,-74.1075419250906,Entire home/apt,158,30,83,2023-02-13,1.2,7,105
473,Sample Room,1473,Bronx,Harlem,40.59363612654485,-73.97972211751427,Shared room,77,7,119,2023-09-19,0.2,1,49
474,Sample Room,1474,Staten Island,Astoria,40.70677914148002,-74.10880989119141,Shared room,619,10,34,2023-02-21,4.0,6,280
475,Sample Room,1475,Staten Island,Fordham,40.51183355831809,-74.07004871150373,Shared room,270,5,49,2023-12-09,2.0,6,47
476,Sample Room,1476,Brooklyn,Astoria,40.77397146886054,-74.06925228297007,Entire home/apt,651,5,38,2023-04-19,3.1,7,79
477,Sample Room,1477,Staten Island,Astoria,40.55380796849451,-74.24539843518016,Private room,790,5,68,2023-10-30,4.5,8,181
478,Sample Room,1478,Manhattan,Fordham,40.73073606315295,-74.09943630319178,Entire home/apt,527,10,185,2023-03-06,3.1,9,233
479,Sample Room,1479,Manhattan,Harlem,40.71867738246522,-74.23943877247534,Private room,953,7,197,2023-12-28,2.5,5,54
480,Sample Room,1480,Brooklyn,Williamsburg,40.684217819572616,-74.16662767390112,Shared room,796,30,116,2023-02-09,4.3,5,72
481,Sample Room,1481,Queens,Williamsburg,40.61458885843029,-74.11554980098401,Shared room,292,1,32,2023-07-13,3.0,9,55
482,Sample Room,1482,Manhattan,Williamsburg,40.52512952511883,-74.0921560766286,Entire home/apt,198,7,177,2023-05-22,2.1,9,99
483,Sample Room,1483,Staten Island,Fordham,40.53228588197058,-73.96601680654545,Shared room,148,10,101,2023-01-17,0.6,5,250
484,Sample Room,1484,Manhattan,Fordham,40.61404895547834,-74.18677234086418,Shared room,465,5,129,2023-06-10,1.7,9,143
485,Sample Room,1485,Queens,Harlem,40.615794040845635,-74.02100419947378,Private room,957,10,111,2023-06-21,3.0,2,330
486,Sample Room,1486,Manhattan,Astoria,40.70436767407572,-74.23923112122628,Private room,897,3,13,2023-01-10,1.9,9,215
487,Sample Room,1487,Manhattan,Fordham,40.630989049399346,-74.09998008887248,Private room,529,1,119,2023-08-06,0.9,5,111
488,Sample Room,1488,Bronx,Williamsburg,40.73362506027448,-73.99326034311379,Entire home/apt,225,1,15,2023-10-26,3.9,3,279
489,Sample Room,1489,Brooklyn,St. George,40.563986878072754,-74.12123378516137,Entire home/apt,778,3,117,2023-10-17,2.7,8,78
490,Sample Room,1490,Queens,Williamsburg,40.67284401138478,-73.99109437311849,Private room,412,7,138,2023-10-13,2.7,9,36
491,Sample Room,1491,Manhattan,Astoria,40.64865318385035,-74.10896850785593,Entire home/apt,459,1,133,2023-10-30,1.5,4,353
492,Sample Room,1492,Staten Island,Williamsburg,40.61197262510045,-74.05307343394799,Private room,416,30,58,2023-06-15,2.5,7,43
493,Sample Room,1493,Staten Island,Fordham,40.53847460962396,-74.09701722337127,Shared room,456,7,63,2023-09-06,4.3,2,336
494,Sample Room,1494,Queens,Williamsburg,40.603191612921414,-74.01282083017493,Entire home/apt,741,30,199,2023-09-29,3.0,2,182
495,Sample Room,1495,Queens,Astoria,40.73498099303441,-74.10650602498234,Private room,987,5,171,2023-05-31,1.4,1,270
496,Sample Room,1496,Staten Island,Williamsburg,40.509455835828525,-74.14240773651218,Private room,993,5,32,2023-10-05,4.4,8,209
497,Sample Room,1497,Brooklyn,St. George,40.77745089465625,-74.1799947874131,Shared room,579,7,53,2023-12-11,4.4,8,329
498,Sample Room,1498,Manhattan,St. George,40.7316519129777,-74.14680218544319,Entire home/apt,782,30,143,2023-09-06,3.8,4,294
499,Sample Room,1499,Queens,Astoria,40.55102875982712,-74.11382970167746,Private room,828,2,66,2023-11-02,3.0,9,339
500,Sample Room,1500,Queens,Astoria,40.738772171946245,-73.97245357007368,Entire home/apt,383,2,190,2023-11-09,4.4,9,254
